Distance (Km),Longitude,Latitude,HiRISE DTM Stamps (2) (mean)
0,109.414,-55.14,2161.312
0.014,109.414,-55.14,2161.312
0.029,109.414,-55.14,2154.537
0.043,109.414,-55.141,2160.16
0.058,109.414,-55.141,2153.115
0.072,109.415,-55.141,2150.369
0.087,109.415,-55.141,2151.713
0.101,109.415,-55.142,2144.966
0.115,109.415,-55.142,2152.902
0.13,109.415,-55.142,2149.987
0.144,109.415,-55.142,2138.799
0.159,109.415,-55.143,2119.151
0.173,109.415,-55.143,2101.294
0.188,109.415,-55.143,2084.203
0.202,109.415,-55.143,2077.207
0.216,109.415,-55.143,2072.369
0.231,109.415,-55.144,2068.007
0.245,109.416,-55.144,2063.612
0.26,109.416,-55.144,2058.927
0.274,109.416,-55.144,2058.927
0.289,109.416,-55.145,2058.927
0.303,109.416,-55.145,2049.713
0.317,109.416,-55.145,2047.936
0.332,109.416,-55.145,2046.283
0.346,109.416,-55.146,2044.769
0.361,109.416,-55.146,2046.514
0.375,109.416,-55.146,2046.698
0.39,109.416,-55.146,2043.556
0.404,109.416,-55.147,2039.373
0.419,109.416,-55.147,2039.373
0.433,109.417,-55.147,2033.978
0.447,109.417,-55.147,2029.213
0.462,109.417,-55.148,2025.553
0.476,109.417,-55.148,2023.702
0.491,109.417,-55.148,2031.407
0.505,109.417,-55.148,2031.38
0.52,109.417,-55.149,2032.07
0.534,109.417,-55.149,2032.851
0.548,109.417,-55.149,2033.751
0.563,109.417,-55.149,2033.669
0.577,109.417,-55.149,2033.669
0.592,109.417,-55.15,2033.669
0.606,109.418,-55.15,2029.98
0.621,109.418,-55.15,2009.645
0.635,109.418,-55.15,2008.198
0.649,109.418,-55.151,2012.219
0.664,109.418,-55.151,2012.219
0.678,109.418,-55.151,2020.808
0.693,109.418,-55.151,2023.471
0.707,109.418,-55.152,2022.515
0.722,109.418,-55.152,2022.515
0.736,109.418,-55.152,2017.084
0.75,109.418,-55.152,2009.619
0.765,109.418,-55.153,2009.619
0.779,109.418,-55.153,2007.004
0.794,109.419,-55.153,2001.278
0.808,109.419,-55.153,1993.554
0.823,109.419,-55.154,1986.197
0.837,109.419,-55.154,1979.594
0.851,109.419,-55.154,1975.809
0.866,109.419,-55.154,1966.915
0.88,109.419,-55.155,1968.999
0.895,109.419,-55.155,1961.544
0.909,109.419,-55.155,1956.333
0.924,109.419,-55.155,1958.716
0.938,109.419,-55.155,1947.266
0.952,109.419,-55.156,1942.962
0.967,109.42,-55.156,1939.981
0.981,109.42,-55.156,1938.905
0.996,109.42,-55.156,1937.555
1.01,109.42,-55.157,1939.688
1.025,109.42,-55.157,1941.588
1.039,109.42,-55.157,1941.588
1.054,109.42,-55.157,1941.562
1.068,109.42,-55.158,1936.981
1.082,109.42,-55.158,1932.1
1.097,109.42,-55.158,1925.352
1.111,109.42,-55.158,1918.716
1.126,109.42,-55.159,1911.167
1.14,109.42,-55.159,1904.276
1.155,109.421,-55.159,1898.757
1.169,109.421,-55.159,1898.757
1.183,109.421,-55.16,1884.409
1.198,109.421,-55.16,1882.641
1.212,109.421,-55.16,1877.315
1.227,109.421,-55.16,1872.494
1.241,109.421,-55.16,1865.131
1.256,109.421,-55.161,1858.649
1.27,109.421,-55.161,1854.007
1.284,109.421,-55.161,1858.547
1.299,109.421,-55.161,1857.822
1.313,109.421,-55.162,1855.434
1.328,109.422,-55.162,1854.137
1.342,109.422,-55.162,1854.238
1.357,109.422,-55.162,1854.238
1.371,109.422,-55.163,1851.906
1.385,109.422,-55.163,1848.179
1.4,109.422,-55.163,1842.672
1.414,109.422,-55.163,1837.381
1.429,109.422,-55.164,1832.536
1.443,109.422,-55.164,1831.477
1.458,109.422,-55.164,1832.84
1.472,109.422,-55.164,1832.84
1.486,109.422,-55.165,1834.939
1.501,109.422,-55.165,1834.939
1.515,109.423,-55.165,1834.598
1.53,109.423,-55.165,1836.785
1.544,109.423,-55.166,1838.633
1.559,109.423,-55.166,1840.243
1.573,109.423,-55.166,1840.243
1.588,109.423,-55.166,1840.044
1.602,109.423,-55.166,1838.958
1.616,109.423,-55.167,1835.133
1.631,109.423,-55.167,1830.445
1.645,109.423,-55.167,1824.902
1.66,109.423,-55.167,1818.654
1.674,109.423,-55.168,1817.952
1.689,109.424,-55.168,1812.437
1.703,109.424,-55.168,1807.028
1.717,109.424,-55.168,1801.864
1.732,109.424,-55.169,1797.565
1.746,109.424,-55.169,1794.834
1.761,109.424,-55.169,1791.587
1.775,109.424,-55.169,1784.74
1.79,109.424,-55.17,1778.169
1.804,109.424,-55.17,1770.943
1.818,109.424,-55.17,1770.943
1.833,109.424,-55.17,1766.553
1.847,109.424,-55.171,1762.113
1.862,109.424,-55.171,1757.257
1.876,109.425,-55.171,1752.691
1.891,109.425,-55.171,1749.496
1.905,109.425,-55.172,1749.496
1.919,109.425,-55.172,1748.201
1.934,109.425,-55.172,1749.767
1.948,109.425,-55.172,1750.109
1.963,109.425,-55.172,1754.949
1.977,109.425,-55.173,1754.949
1.992,109.425,-55.173,1758.022
2.006,109.425,-55.173,1761.429
2.02,109.425,-55.173,1766.415
2.035,109.425,-55.174,1771.859
2.049,109.426,-55.174,1775.55
2.064,109.426,-55.174,1778.236
2.078,109.426,-55.174,1780.59
2.093,109.426,-55.175,1784.953
2.107,109.426,-55.175,1790.3
2.121,109.426,-55.175,1790.3
2.136,109.426,-55.175,1795.65
2.15,109.426,-55.176,1799.686
2.165,109.426,-55.176,1803.644
2.179,109.426,-55.176,1806.301
2.194,109.426,-55.176,1808.323
2.208,109.426,-55.177,1811.118
2.223,109.426,-55.177,1811.118
2.237,109.427,-55.177,1818.116
2.251,109.427,-55.177,1820.546
2.266,109.427,-55.178,1820.546
2.28,109.427,-55.178,1822
2.295,109.427,-55.178,1822
2.309,109.427,-55.178,1825.2
2.324,109.427,-55.178,1828.164
2.338,109.427,-55.179,1831.531
2.352,109.427,-55.179,1833.706
2.367,109.427,-55.179,1831.906
2.381,109.427,-55.179,1829.976
2.396,109.427,-55.18,1828.682
2.41,109.428,-55.18,1826.599
2.425,109.428,-55.18,1824.528
2.439,109.428,-55.18,1822.575
2.453,109.428,-55.181,1822.575
2.468,109.428,-55.181,1821.014
2.482,109.428,-55.181,1819.023
2.497,109.428,-55.181,1819.023
2.511,109.428,-55.182,1814.796
2.526,109.428,-55.182,1812.83
2.54,109.428,-55.182,1812.83
2.554,109.428,-55.182,1809.492
2.569,109.428,-55.183,1807.084
2.583,109.428,-55.183,1804.967
2.598,109.429,-55.183,1804.967
2.612,109.429,-55.183,1804.791
2.627,109.429,-55.184,1802.405
0,109.413,-55.14,2153.427
0.014,109.413,-55.14,2153.427
0.029,109.413,-55.14,2150.752
0.043,109.413,-55.141,2147.998
0.058,109.413,-55.141,2145.362
0.072,109.413,-55.141,2142.684
0.087,109.414,-55.141,2143.937
0.101,109.414,-55.142,2141.256
0.116,109.414,-55.142,2141.256
0.13,109.414,-55.142,2138.581
0.145,109.414,-55.142,2135.892
0.159,109.414,-55.143,2122.559
0.174,109.414,-55.143,2102.798
0.188,109.414,-55.143,2086.254
0.203,109.414,-55.143,2069.872
0.217,109.414,-55.143,2062.631
0.232,109.414,-55.144,2061.365
0.246,109.414,-55.144,2056.693
0.261,109.415,-55.144,2051.611
0.275,109.415,-55.144,2051.611
0.29,109.415,-55.145,2043.094
0.304,109.415,-55.145,2045.852
0.318,109.415,-55.145,2045.3
0.333,109.415,-55.145,2042.262
0.347,109.415,-55.146,2038.254
0.362,109.415,-55.146,2039.528
0.376,109.415,-55.146,2042.734
0.391,109.415,-55.146,2041.668
0.405,109.415,-55.147,2036.956
0.42,109.415,-55.147,2036.956
0.434,109.416,-55.147,2032.237
0.449,109.416,-55.147,2026.064
0.463,109.416,-55.148,2021.302
0.478,109.416,-55.148,2015.971
0.492,109.416,-55.148,2012.735
0.507,109.416,-55.148,2014.146
0.521,109.416,-55.149,2020.261
0.536,109.416,-55.149,2020.474
0.55,109.416,-55.149,2021.168
0.565,109.416,-55.149,2023.107
0.579,109.416,-55.149,2023.107
0.594,109.416,-55.15,2028.563
0.608,109.416,-55.15,2019.751
0.622,109.417,-55.15,2013.306
0.637,109.417,-55.15,2013.306
0.651,109.417,-55.151,2023.155
0.666,109.417,-55.151,2021.438
0.68,109.417,-55.151,2021.56
0.695,109.417,-55.151,2016.755
0.709,109.417,-55.152,2011.158
0.724,109.417,-55.152,2011.158
0.738,109.417,-55.152,2010.197
0.753,109.417,-55.152,2003.417
0.767,109.417,-55.153,1995.764
0.782,109.417,-55.153,1989.26
0.796,109.418,-55.153,1982.486
0.811,109.418,-55.153,1979.915
0.825,109.418,-55.154,1973.21
0.84,109.418,-55.154,1966.274
0.854,109.418,-55.154,1959.677
0.869,109.418,-55.154,1950.039
0.883,109.418,-55.155,1957.937
0.898,109.418,-55.155,1957.937
0.912,109.418,-55.155,1952.405
0.926,109.418,-55.155,1947.197
0.941,109.418,-55.156,1941.698
0.955,109.418,-55.156,1939.535
0.97,109.418,-55.156,1935.455
0.984,109.419,-55.156,1934.005
0.999,109.419,-55.156,1931.737
1.013,109.419,-55.157,1932.67
1.028,109.419,-55.157,1938.009
1.042,109.419,-55.157,1938.009
1.057,109.419,-55.157,1937.751
1.071,109.419,-55.158,1935.344
1.086,109.419,-55.158,1929.49
1.1,109.419,-55.158,1923.907
1.115,109.419,-55.158,1917.309
1.129,109.419,-55.159,1910.488
1.144,109.419,-55.159,1903.283
1.158,109.42,-55.159,1896.225
1.173,109.42,-55.159,1890.001
1.187,109.42,-55.16,1882.641
1.202,109.42,-55.16,1882.641
1.216,109.42,-55.16,1882.641
1.23,109.42,-55.16,1875.998
1.245,109.42,-55.161,1863.598
1.259,109.42,-55.161,1857.854
1.274,109.42,-55.161,1852.233
1.288,109.42,-55.161,1852.027
1.303,109.42,-55.162,1852.469
1.317,109.42,-55.162,1852.285
1.332,109.421,-55.162,1851.007
1.346,109.421,-55.162,1848.666
1.361,109.421,-55.162,1848.666
1.375,109.421,-55.163,1844.03
1.39,109.421,-55.163,1845.717
1.404,109.421,-55.163,1838.628
1.419,109.421,-55.163,1831.142
1.433,109.421,-55.164,1827.244
1.448,109.421,-55.164,1827.244
1.462,109.421,-55.164,1831.27
1.477,109.421,-55.164,1831.27
1.491,109.421,-55.165,1834.593
1.506,109.421,-55.165,1834.593
1.52,109.422,-55.165,1837.004
1.534,109.422,-55.165,1839.748
1.549,109.422,-55.166,1841.839
1.563,109.422,-55.166,1842.573
1.578,109.422,-55.166,1842.08
1.592,109.422,-55.166,1842.08
1.607,109.422,-55.167,1834.954
1.621,109.422,-55.167,1829.703
1.636,109.422,-55.167,1824.517
1.65,109.422,-55.167,1818.367
1.665,109.422,-55.168,1818.367
1.679,109.422,-55.168,1812.946
1.694,109.423,-55.168,1807.175
1.708,109.423,-55.168,1801.657
1.723,109.423,-55.168,1801.657
1.737,109.423,-55.169,1793.175
1.752,109.423,-55.169,1788.115
1.766,109.423,-55.169,1782.696
1.781,109.423,-55.169,1782.696
1.795,109.423,-55.17,1777.631
1.81,109.423,-55.17,1772.079
1.824,109.423,-55.17,1772.079
1.839,109.423,-55.17,1767.919
1.853,109.423,-55.171,1763.126
1.867,109.424,-55.171,1764.478
1.882,109.424,-55.171,1756.337
1.896,109.424,-55.171,1752.644
1.911,109.424,-55.172,1747.663
1.925,109.424,-55.172,1746.882
1.94,109.424,-55.172,1748.808
1.954,109.424,-55.172,1751.043
1.969,109.424,-55.173,1753.946
1.983,109.424,-55.173,1754.473
1.998,109.424,-55.173,1757.276
2.012,109.424,-55.173,1760.197
2.027,109.424,-55.174,1764.156
2.041,109.424,-55.174,1769.438
2.056,109.425,-55.174,1773.429
2.07,109.425,-55.174,1774.697
2.085,109.425,-55.175,1776.868
2.099,109.425,-55.175,1780.449
2.114,109.425,-55.175,1784.513
2.128,109.425,-55.175,1787.106
2.143,109.425,-55.175,1791.383
2.157,109.425,-55.176,1794.26
2.171,109.425,-55.176,1795.365
2.186,109.425,-55.176,1796.69
2.2,109.425,-55.176,1802.792
2.215,109.425,-55.177,1805.18
2.229,109.426,-55.177,1807.491
2.244,109.426,-55.177,1810.051
2.258,109.426,-55.177,1813.799
2.273,109.426,-55.178,1820.845
2.287,109.426,-55.178,1820.845
2.302,109.426,-55.178,1821.721
2.316,109.426,-55.178,1824.013
2.331,109.426,-55.179,1825.766
2.345,109.426,-55.179,1831.019
2.36,109.426,-55.179,1830.354
2.374,109.426,-55.179,1828.767
2.389,109.426,-55.18,1826.651
2.403,109.426,-55.18,1824.246
2.418,109.427,-55.18,1822.942
2.432,109.427,-55.18,1821.291
2.447,109.427,-55.181,1821.291
2.461,109.427,-55.181,1818.897
2.475,109.427,-55.181,1817.147
2.49,109.427,-55.181,1815.925
2.504,109.427,-55.181,1813.856
2.519,109.427,-55.182,1811.882
2.533,109.427,-55.182,1809.721
2.548,109.427,-55.182,1807.46
2.562,109.427,-55.182,1806.38
2.577,109.427,-55.183,1804.815
2.591,109.428,-55.183,1804.815
2.606,109.428,-55.183,1803.193
2.62,109.428,-55.183,1801.626
2.635,109.428,-55.184,1799.845
2.649,109.428,-55.184,1798.004
0,109.415,-55.14,2168.352
0.014,109.415,-55.14,2161.312
0.029,109.415,-55.14,2158.484
0.043,109.415,-55.14,2164.002
0.058,109.415,-55.141,2161.437
0.072,109.415,-55.141,2158.696
0.087,109.415,-55.141,2155.658
0.101,109.415,-55.141,2152.902
0.116,109.415,-55.142,2156.738
0.13,109.415,-55.142,2153.87
0.145,109.415,-55.142,2137.295
0.159,109.415,-55.142,2118.567
0.174,109.416,-55.143,2100.853
0.188,109.416,-55.143,2084.203
0.203,109.416,-55.143,2077.207
0.217,109.416,-55.143,2072.369
0.232,109.416,-55.144,2068.007
0.246,109.416,-55.144,2063.612
0.261,109.416,-55.144,2061.411
0.275,109.416,-55.144,2061.411
0.29,109.416,-55.145,2057.346
0.304,109.416,-55.145,2053.76
0.319,109.416,-55.145,2050.702
0.333,109.416,-55.145,2047.656
0.347,109.417,-55.146,2048.16
0.362,109.417,-55.146,2046.514
0.376,109.417,-55.146,2048.38
0.391,109.417,-55.146,2044.199
0.405,109.417,-55.146,2039.992
0.42,109.417,-55.147,2039.992
0.434,109.417,-55.147,2035.255
0.449,109.417,-55.147,2035.255
0.463,109.417,-55.147,2032.161
0.478,109.417,-55.148,2034.785
0.492,109.417,-55.148,2035.333
0.507,109.417,-55.148,2036.414
0.521,109.418,-55.148,2037.757
0.536,109.418,-55.149,2037.797
0.55,109.418,-55.149,2033.903
0.565,109.418,-55.149,2033.903
0.579,109.418,-55.149,2027.991
0.594,109.418,-55.15,2027.991
0.608,109.418,-55.15,2026.612
0.623,109.418,-55.15,2019.365
0.637,109.418,-55.15,2016.362
0.652,109.418,-55.151,2009.557
0.666,109.418,-55.151,2009.478
0.68,109.418,-55.151,2016.152
0.695,109.418,-55.151,2014.427
0.709,109.419,-55.152,2018.02
0.724,109.419,-55.152,2020.489
0.738,109.419,-55.152,2020.489
0.753,109.419,-55.152,2017.657
0.767,109.419,-55.152,2012.73
0.782,109.419,-55.153,2010.599
0.796,109.419,-55.153,2004.13
0.811,109.419,-55.153,1996.404
0.825,109.419,-55.153,1989.202
0.84,109.419,-55.154,1985.922
0.854,109.419,-55.154,1978.252
0.869,109.419,-55.154,1970.877
0.883,109.42,-55.154,1963.973
0.898,109.42,-55.155,1963.973
0.912,109.42,-55.155,1959.729
0.927,109.42,-55.155,1959.729
0.941,109.42,-55.155,1953.41
0.956,109.42,-55.156,1944.392
0.97,109.42,-55.156,1941.649
0.985,109.42,-55.156,1939.998
0.999,109.42,-55.156,1937.555
1.013,109.42,-55.157,1939.688
1.028,109.42,-55.157,1941.588
1.042,109.42,-55.157,1941.588
1.057,109.421,-55.157,1941.562
1.071,109.421,-55.158,1936.981
1.086,109.421,-55.158,1932.1
1.1,109.421,-55.158,1927.182
1.115,109.421,-55.158,1919.647
1.129,109.421,-55.159,1914.199
1.144,109.421,-55.159,1905.586
1.158,109.421,-55.159,1900.473
1.173,109.421,-55.159,1891.521
1.187,109.421,-55.159,1884.409
1.202,109.421,-55.16,1887.604
1.216,109.421,-55.16,1879.329
1.231,109.421,-55.16,1873.507
1.245,109.422,-55.16,1868.679
1.26,109.422,-55.161,1863.328
1.274,109.422,-55.161,1862.333
1.289,109.422,-55.161,1862.563
1.303,109.422,-55.161,1861.575
1.318,109.422,-55.162,1861.575
1.332,109.422,-55.162,1861.575
1.346,109.422,-55.162,1854.169
1.361,109.422,-55.162,1856.311
1.375,109.422,-55.163,1856.311
1.39,109.422,-55.163,1853.388
1.404,109.422,-55.163,1848.451
1.419,109.423,-55.163,1844.352
1.433,109.423,-55.164,1839.151
1.448,109.423,-55.164,1833.392
1.462,109.423,-55.164,1834.935
1.477,109.423,-55.164,1833.034
1.491,109.423,-55.165,1832.542
1.506,109.423,-55.165,1834.08
1.52,109.423,-55.165,1834.08
1.535,109.423,-55.165,1836.527
1.549,109.423,-55.165,1837.731
1.564,109.423,-55.166,1837.311
1.578,109.423,-55.166,1839.95
1.593,109.424,-55.166,1840.044
1.607,109.424,-55.166,1837.306
1.622,109.424,-55.167,1835.133
1.636,109.424,-55.167,1829.243
1.651,109.424,-55.167,1823.815
1.665,109.424,-55.167,1817.534
1.679,109.424,-55.168,1817.534
1.694,109.424,-55.168,1811.748
1.708,109.424,-55.168,1806.75
1.723,109.424,-55.168,1801.712
1.737,109.424,-55.169,1797.765
1.752,109.424,-55.169,1794.783
1.766,109.424,-55.169,1790.976
1.781,109.425,-55.169,1783.57
1.795,109.425,-55.17,1777.119
1.81,109.425,-55.17,1770.943
1.824,109.425,-55.17,1770.943
1.839,109.425,-55.17,1766.553
1.853,109.425,-55.171,1761.581
1.868,109.425,-55.171,1756.848
1.882,109.425,-55.171,1752.82
1.897,109.425,-55.171,1749.704
1.911,109.425,-55.172,1748.46
1.926,109.425,-55.172,1748.691
1.94,109.425,-55.172,1750.515
1.955,109.426,-55.172,1752.183
1.969,109.426,-55.172,1754.841
1.984,109.426,-55.173,1754.841
1.998,109.426,-55.173,1758.915
2.012,109.426,-55.173,1762.494
2.027,109.426,-55.173,1766.517
2.041,109.426,-55.174,1766.517
2.056,109.426,-55.174,1775.387
2.07,109.426,-55.174,1778.585
2.085,109.426,-55.174,1781.338
2.099,109.426,-55.175,1785.217
2.114,109.426,-55.175,1790.763
2.128,109.427,-55.175,1790.763
2.143,109.427,-55.175,1797.025
2.157,109.427,-55.176,1801.42
2.172,109.427,-55.176,1804.622
2.186,109.427,-55.176,1806.301
2.201,109.427,-55.176,1809.359
2.215,109.427,-55.177,1810.146
2.23,109.427,-55.177,1813.206
2.244,109.427,-55.177,1816.941
2.259,109.427,-55.177,1819.084
2.273,109.427,-55.178,1822.49
2.288,109.427,-55.178,1824.798
2.302,109.427,-55.178,1824.798
2.317,109.428,-55.178,1827.622
2.331,109.428,-55.178,1830.127
2.345,109.428,-55.179,1832.495
2.36,109.428,-55.179,1835.165
2.374,109.428,-55.179,1833.234
2.389,109.428,-55.179,1831.136
2.403,109.428,-55.18,1829.257
2.418,109.428,-55.18,1827.247
2.432,109.428,-55.18,1825.724
2.447,109.428,-55.18,1823.5
2.461,109.428,-55.181,1823.163
2.476,109.428,-55.181,1821.014
2.49,109.429,-55.181,1819.465
2.505,109.429,-55.181,1818.258
2.519,109.429,-55.182,1816.238
2.534,109.429,-55.182,1813.524
2.548,109.429,-55.182,1812.029
2.563,109.429,-55.182,1812.029
2.577,109.429,-55.183,1808.693
2.592,109.429,-55.183,1806.568
2.606,109.429,-55.183,1806.568
2.621,109.429,-55.183,1805.065
2.635,109.429,-55.184,1805.065
0,109.414,-55.14,2157.304
0.014,109.414,-55.14,2157.304
0.029,109.414,-55.14,2154.537
0.043,109.414,-55.141,2151.728
0.058,109.414,-55.141,2149.113
0.072,109.414,-55.141,2146.408
0.087,109.414,-55.141,2147.799
0.101,109.414,-55.142,2141.256
0.115,109.414,-55.142,2141.256
0.13,109.414,-55.142,2138.581
0.144,109.414,-55.142,2138.628
0.159,109.414,-55.143,2120.823
0.173,109.414,-55.143,2102.798
0.188,109.415,-55.143,2085.631
0.202,109.415,-55.143,2069.754
0.216,109.415,-55.143,2065.753
0.231,109.415,-55.144,2064.907
0.245,109.415,-55.144,2059.854
0.26,109.415,-55.144,2055.715
0.274,109.415,-55.144,2055.715
0.289,109.415,-55.145,2050.086
0.303,109.415,-55.145,2049.713
0.317,109.415,-55.145,2047.936
0.332,109.415,-55.145,2044.324
0.346,109.415,-55.146,2041.364
0.361,109.416,-55.146,2042.623
0.375,109.416,-55.146,2042.734
0.39,109.416,-55.146,2041.668
0.404,109.416,-55.147,2036.956
0.419,109.416,-55.147,2036.956
0.433,109.416,-55.147,2032.237
0.447,109.416,-55.147,2027.693
0.462,109.416,-55.148,2021.302
0.476,109.416,-55.148,2019.63
0.491,109.416,-55.148,2012.735
0.505,109.416,-55.148,2020.138
0.52,109.416,-55.149,2020.261
0.534,109.416,-55.149,2027.056
0.548,109.417,-55.149,2027.056
0.563,109.417,-55.149,2028.875
0.577,109.417,-55.149,2028.875
0.592,109.417,-55.15,2031.129
0.606,109.417,-55.15,2017.627
0.621,109.417,-55.15,2010.386
0.635,109.417,-55.15,2010.386
0.649,109.417,-55.151,2021.438
0.664,109.417,-55.151,2024.516
0.678,109.417,-55.151,2024.581
0.693,109.417,-55.151,2021.775
0.707,109.417,-55.152,2015.698
0.722,109.418,-55.152,2011.158
0.736,109.418,-55.152,2014.062
0.75,109.418,-55.152,2006.938
0.765,109.418,-55.153,2006.938
0.779,109.418,-55.153,1999.651
0.794,109.418,-55.153,1993.562
0.808,109.418,-55.153,1990.425
0.823,109.418,-55.154,1983.296
0.837,109.418,-55.154,1976.648
0.851,109.418,-55.154,1969.95
0.866,109.418,-55.154,1963.578
0.88,109.418,-55.154,1966.915
0.895,109.418,-55.155,1959.661
0.909,109.419,-55.155,1954.392
0.924,109.419,-55.155,1949.248
0.938,109.419,-55.155,1944.333
0.952,109.419,-55.156,1939.535
0.967,109.419,-55.156,1938.012
0.981,109.419,-55.156,1936.768
0.996,109.419,-55.156,1934.609
1.01,109.419,-55.157,1936.244
1.025,109.419,-55.157,1938.009
1.039,109.419,-55.157,1940.197
1.054,109.419,-55.157,1939.346
1.068,109.419,-55.158,1935.192
1.082,109.42,-55.158,1930.134
1.097,109.42,-55.158,1923.907
1.111,109.42,-55.158,1918.716
1.126,109.42,-55.159,1911.167
1.14,109.42,-55.159,1904.276
1.155,109.42,-55.159,1897.498
1.169,109.42,-55.159,1890.001
1.183,109.42,-55.16,1882.641
1.198,109.42,-55.16,1882.641
1.212,109.42,-55.16,1875.998
1.227,109.42,-55.16,1869.321
1.241,109.42,-55.16,1863.598
1.256,109.42,-55.161,1858.649
1.27,109.421,-55.161,1854.007
1.284,109.421,-55.161,1854.205
1.299,109.421,-55.161,1854.422
1.313,109.421,-55.162,1852.285
1.328,109.421,-55.162,1854.108
1.342,109.421,-55.162,1850.738
1.357,109.421,-55.162,1850.738
1.371,109.421,-55.163,1848.1
1.385,109.421,-55.163,1845.717
1.4,109.421,-55.163,1840.592
1.414,109.421,-55.163,1834.891
1.429,109.421,-55.164,1834.891
1.443,109.422,-55.164,1830.823
1.458,109.422,-55.164,1831.27
1.472,109.422,-55.164,1832.417
1.486,109.422,-55.165,1835.103
1.501,109.422,-55.165,1835.103
1.515,109.422,-55.165,1835.103
1.53,109.422,-55.165,1837.659
1.544,109.422,-55.166,1839.612
1.559,109.422,-55.166,1841.892
1.573,109.422,-55.166,1843.117
1.588,109.422,-55.166,1842.415
1.602,109.422,-55.166,1842.415
1.616,109.422,-55.167,1835.062
1.631,109.423,-55.167,1835.062
1.645,109.423,-55.167,1824.453
1.66,109.423,-55.167,1818.868
1.674,109.423,-55.168,1818.367
1.689,109.423,-55.168,1812.437
1.703,109.423,-55.168,1807.009
1.717,109.423,-55.168,1801.908
1.732,109.423,-55.169,1801.908
1.746,109.423,-55.169,1792.564
1.761,109.423,-55.169,1788.115
1.775,109.423,-55.169,1782.696
1.79,109.423,-55.17,1778.379
1.804,109.424,-55.17,1772.079
1.818,109.424,-55.17,1772.426
1.833,109.424,-55.17,1767.919
1.847,109.424,-55.171,1762.496
1.862,109.424,-55.171,1757.655
1.876,109.424,-55.171,1753.221
1.891,109.424,-55.171,1749.792
1.905,109.424,-55.172,1747.663
1.919,109.424,-55.172,1747.582
1.934,109.424,-55.172,1749.767
1.948,109.424,-55.172,1751.74
1.963,109.424,-55.172,1754.473
1.977,109.424,-55.173,1754.473
1.992,109.425,-55.173,1757.276
2.006,109.425,-55.173,1760.197
2.02,109.425,-55.173,1764.156
2.035,109.425,-55.174,1764.156
2.049,109.425,-55.174,1773.429
2.064,109.425,-55.174,1776.934
2.078,109.425,-55.174,1779.192
2.093,109.425,-55.175,1782.713
2.107,109.425,-55.175,1787.106
2.121,109.425,-55.175,1787.106
2.136,109.425,-55.175,1794.451
2.15,109.425,-55.176,1797.98
2.165,109.426,-55.176,1799.224
2.179,109.426,-55.176,1800.669
2.194,109.426,-55.176,1802.792
2.208,109.426,-55.177,1808.606
2.223,109.426,-55.177,1808.606
2.237,109.426,-55.177,1814.609
2.251,109.426,-55.177,1817.652
2.266,109.426,-55.178,1817.652
2.28,109.426,-55.178,1820.546
2.295,109.426,-55.178,1822
2.309,109.426,-55.178,1824.004
2.324,109.426,-55.178,1826.076
2.338,109.426,-55.179,1827.618
2.352,109.427,-55.179,1831.019
2.367,109.427,-55.179,1830.354
2.381,109.427,-55.179,1829.426
2.396,109.427,-55.18,1827.3
2.41,109.427,-55.18,1824.246
2.425,109.427,-55.18,1824.01
2.439,109.427,-55.18,1822
2.453,109.427,-55.181,1822
2.468,109.427,-55.181,1822
2.482,109.427,-55.181,1817.892
2.497,109.427,-55.181,1816.205
2.511,109.427,-55.182,1814.244
2.526,109.428,-55.182,1812.185
2.54,109.428,-55.182,1810.326
2.554,109.428,-55.182,1808.454
2.569,109.428,-55.183,1807.084
2.583,109.428,-55.183,1804.967
2.598,109.428,-55.183,1804.967
2.612,109.428,-55.183,1803.395
2.627,109.428,-55.184,1803.395
